strategy,family,tickers_tested,initial_cash_per_ticker_brl,mean_final_equity_brl,mean_final_profit_brl,mean_final_return_pct,median_final_return_pct,profitable_tickers,losing_tickers,losing_years,mean_annual_return_pct,best_year,best_year_return_pct,worst_year,worst_year_return_pct,max_trade_gain_pct,max_trade_loss_pct,completed_trades_total
sma_cross_20_100,tendencia,40,1000.0,78985.7503,77985.7503,7798.575,205.6287,33,7,2008;2011;2013;2014;2015;2020;2021;2022;2024;2026,16.2184,2003,118.1558,2024,-12.2961,3205.9251,-99.6976,1397
ema_cross_5_20,tendencia,40,1000.0,50509.6737,49509.6737,4950.9674,453.1034,35,5,2008;2011;2014;2015;2021;2022;2024,19.2015,2003,163.7362,2008,-12.2134,993.7604,-98.0374,6369
sma_cross_50_100,tendencia,40,1000.0,48963.5088,47963.5088,4796.3509,104.3827,28,12,2008;2011;2013;2014;2015;2020;2021;2022;2024,14.8003,2003,119.4169,2020,-15.06,3258.115,-99.6939,1163
ema_cross_20_50,tendencia,40,1000.0,39546.5165,38546.5165,3854.6516,307.962,33,7,2008;2011;2013;2014;2015;2021;2022;2024;2026,16.6308,2003,121.0655,2024,-13.8004,2331.4597,-98.2,1990
ema_cross_50_100,tendencia,40,1000.0,32638.9759,31638.9759,3163.8976,140.693,30,10,2008;2011;2013;2014;2015;2020;2021;2022;2024,17.8898,2003,128.5942,2008,-12.817,9234.3901,-99.7092,938
ema_cross_10_30,tendencia,40,1000.0,32544.7884,31544.7884,3154.4788,307.0972,36,4,2008;2011;2014;2015;2021;2022;2024,17.4638,2003,115.6423,2008,-12.4045,962.5109,-98.1021,3590
macd_24_52_18,tendencia,40,1000.0,28690.4517,27690.4517,2769.0452,464.1323,37,3,2002;2008;2011;2013;2014;2015;2021;2022;2024,19.598,2003,112.125,2008,-17.2502,1900.0,-98.1096,4073
sma_cross_10_50,tendencia,40,1000.0,21205.1044,20205.1044,2020.5104,415.224,34,6,2008;2011;2013;2014;2015;2021;2022;2024;2026,17.1946,2003,111.161,2024,-12.3296,1900.9999,-98.2,2770
donchian_breakout_20_10_trend50,rompimento,40,1000.0,19990.2888,18990.2888,1899.0289,238.7844,30,10,2008;2011;2014;2015;2021;2022;2024,13.7024,2003,79.4425,2024,-10.535,1194.0769,-98.2,3022
donchian_breakout_20_10,rompimento,40,1000.0,19717.1853,18717.1853,1871.7185,210.8287,32,8,2008;2011;2014;2015;2021;2022;2024,13.8691,2003,78.6612,2024,-11.7829,1194.0769,-98.2,3112
donchian_breakout_20_10_trend100,rompimento,40,1000.0,19511.0391,18511.0391,1851.1039,179.1659,34,6,2008;2011;2014;2015;2021;2022;2024,12.5527,2003,78.5404,2024,-8.3634,1194.0769,-98.2,2743
sma_cross_5_20,tendencia,40,1000.0,17103.0676,16103.0676,1610.3068,367.0973,36,4,2002;2008;2010;2011;2014;2015;2021;2022;2024,18.3688,2003,147.2405,2008,-16.2093,2448.7499,-98.1096,6488
macd_19_39_9,tendencia,40,1000.0,16661.3203,15661.3203,1566.132,310.1419,36,4,2002;2008;2011;2014;2015;2021;2024,16.332,2007,79.7919,2008,-21.7527,1900.0,-98.0935,6447
donchian_breakout_40_20,rompimento,40,1000.0,13228.2423,12228.2423,1222.8242,173.2448,33,7,2008;2011;2013;2014;2015;2021;2022;2024;2026,12.9993,2003,85.6776,2024,-10.026,993.7604,-85.7143,1768
ema_cross_100_200,tendencia,40,1000.0,12976.5207,11976.5207,1197.6521,222.7227,30,10,2008;2011;2013;2014;2015;2020;2021;2022;2024,18.3034,2006,125.2436,2008,-16.0987,13708.9496,-99.6939,444
sma_cross_100_200,tendencia,40,1000.0,10880.7701,9880.7701,988.077,178.5151,32,8,2008;2011;2013;2014;2015;2020;2021;2022;2024,17.5816,2003,125.8703,2008,-20.3619,16690.2551,-99.6181,592
donchian_breakout_100_50,rompimento,40,1000.0,10879.3594,9879.3594,987.9359,128.2007,33,7,2008;2010;2011;2013;2014;2015;2021;2022;2024,11.9386,2003,85.6333,2022,-10.4913,2131.5797,-97.3202,814
rsi7_reversion_25_65,reversao,40,1000.0,10759.3045,9759.3045,975.9305,12.9944,21,19,2005;2008;2011;2013;2015;2016;2020;2024,7.4146,2007,79.0565,2020,-14.8111,1900.0,-99.6885,3077
macd_12_26_5,tendencia,40,1000.0,10085.188,9085.188,908.5188,107.8085,29,11,2008;2011;2014;2015;2021;2024,17.7985,2006,94.6755,2008,-30.9056,1946.9806,-98.0935,10919
donchian_breakout_10_5,rompimento,40,1000.0,10003.2213,9003.2213,900.3221,99.9044,28,12,2002;2008;2011;2014;2015;2021;2022;2024,10.7376,2003,55.3163,2008,-15.6921,1194.0769,-98.1096,5469
macd_5_35_5,tendencia,40,1000.0,9747.5275,8747.5275,874.7528,149.2937,28,12,2008;2011;2015;2021;2024,17.5799,2006,103.8216,2008,-27.1357,1943.6248,-98.0935,14745
macd_10_30_9,tendencia,40,1000.0,9570.1741,8570.1741,857.0174,188.403,34,6,2002;2008;2011;2014;2015;2021;2024,16.8029,2006,89.4674,2008,-26.8138,1980.5377,-98.0935,8861
donchian_breakout_55_20_trend100,rompimento,40,1000.0,9559.7379,8559.7379,855.9738,114.3291,33,7,2008;2011;2013;2014;2015;2021;2022;2024,11.3804,2003,81.945,2021,-10.0395,991.0261,-54.9168,1528
macd_12_26_12,tendencia,40,1000.0,9356.2607,8356.2607,835.6261,336.8356,35,5,2002;2008;2011;2014;2015;2021;2024,15.1918,2007,79.7825,2008,-24.3594,1900.0,-98.0935,7535
donchian_breakout_55_20,rompimento,40,1000.0,9208.0925,8208.0925,820.8092,120.4178,33,7,2008;2011;2013;2014;2015;2021;2022;2024,11.355,2003,81.9478,2021,-9.8928,991.0261,-85.7143,1543
donchian_breakout_100_50_trend200,rompimento,40,1000.0,9112.9529,8112.9529,811.2953,113.2722,33,7,2008;2010;2011;2013;2014;2015;2021;2022;2024,11.2039,2003,84.7481,2022,-10.4816,1883.0757,-97.3202,800
macd_8_17_9,tendencia,40,1000.0,8040.1833,7040.1833,704.0183,123.3085,29,11,2008;2011;2014;2015;2021;2024,16.1731,2003,88.3789,2008,-28.389,1947.6517,-98.0935,11041
macd_12_26_9_trend50,tendencia,40,1000.0,7704.2153,6704.2153,670.4215,81.0426,33,7,2002;2008;2011;2014;2015;2021;2022;2024,10.5615,2007,76.7229,2008,-10.4934,1900.0,-98.1096,8367
donchian_breakout_55_20_trend200,rompimento,40,1000.0,7036.4639,6036.4639,603.6464,87.4547,32,8,2008;2011;2013;2014;2015;2021;2022;2024,9.9997,2003,81.6234,2022,-9.4437,917.4459,-54.9168,1427
macd_12_26_9_trend100,tendencia,40,1000.0,5010.672,4010.672,401.0672,41.2121,28,12,2002;2008;2011;2014;2015;2021;2022;2024,7.2379,2003,47.1098,2011,-8.13,207.9961,-98.1096,7399
rsi14_reversion_25_60,reversao,40,1000.0,4980.9943,3980.9943,398.0994,0.1333,21,19,2005;2008;2011;2012;2015;2017;2018;2020;2024,5.938,2006,74.1711,2008,-7.928,1900.0,-99.6365,638
rsi2_reversion_10_70,reversao,40,1000.0,4264.8025,3264.8025,326.4803,107.1875,27,13,2005;2011;2013;2020;2024;2026,7.7412,2007,73.9226,2026,-7.3364,1900.0,-99.6985,10372
rsi3_reversion_15_70,reversao,40,1000.0,4131.1212,3131.1212,313.1121,76.1702,25,15,2005;2011;2013;2015;2020;2024;2026,7.0153,2007,77.9338,2020,-13.4897,1900.0,-99.6939,6370
macd_12_26_9_trend200,tendencia,40,1000.0,3670.7176,2670.7176,267.0718,61.5746,27,13,2008;2010;2011;2013;2014;2015;2021;2022;2023;2024,9.2914,2006,82.9176,2008,-7.6635,1980.5377,-98.0935,6772
rsi2_reversion_5_70,reversao,40,1000.0,3114.9398,2114.9398,211.494,50.6005,26,14,2005;2011;2013;2015;2020;2024;2026,6.4113,2007,79.8078,2020,-9.2024,1900.0,-99.6985,6366
rsi5_reversion_20_65,reversao,40,1000.0,2830.8327,1830.8327,183.0833,5.3504,22,18,2005;2008;2011;2013;2015;2016;2020;2021;2024;2026,4.7481,2007,78.9005,2020,-14.6399,1900.0,-99.6885,3604
rsi2_reversion_5_70_trend200,reversao,40,1000.0,1567.5324,567.5324,56.7532,64.9049,31,9,2013;2014;2024;2026,2.3845,2007,10.7912,2026,-5.3572,31.5282,-89.5444,2720
rsi2_reversion_5_70_trend100,reversao,40,1000.0,1391.0687,391.0687,39.1069,35.1969,31,9,2008;2011;2013;2014;2015;2021;2024;2026,1.6152,2009,8.672,2026,-4.4915,23.7037,-89.5444,2385
rsi14_reversion_30_70_trend200,reversao,40,1000.0,1378.0766,378.0766,37.8077,0.3271,21,18,2002;2010;2011;2012;2014;2015;2017;2018;2020;2022;2023;2026,3.3928,2006,75.9631,2020,-2.3673,1865.5184,-35.8519,224
rsi5_reversion_20_65_trend100,reversao,40,1000.0,1115.974,115.974,11.5974,11.8594,23,17,2008;2011;2013;2015;2020;2021;2022;2023;2024;2026,0.9336,2007,7.783,2020,-7.2362,66.9565,-89.4074,1050
