strategy,family,year,mean_return_pct,median_return_pct,tickers
donchian_breakout_100_50,rompimento,2000,2.8165,-1.55,19
donchian_breakout_100_50,rompimento,2001,-1.2906,0.0,19
donchian_breakout_100_50,rompimento,2002,5.2676,0.0,21
donchian_breakout_100_50,rompimento,2003,85.6333,40.5901,21
donchian_breakout_100_50,rompimento,2004,14.6203,7.9056,23
donchian_breakout_100_50,rompimento,2005,38.2632,6.9149,24
donchian_breakout_100_50,rompimento,2006,38.8415,16.278,26
donchian_breakout_100_50,rompimento,2007,17.6042,3.179,30
donchian_breakout_100_50,rompimento,2008,-7.9586,-6.7433,33
donchian_breakout_100_50,rompimento,2009,44.1943,33.0316,35
donchian_breakout_100_50,rompimento,2010,-1.3233,-4.7103,35
donchian_breakout_100_50,rompimento,2011,-2.0203,0.0,36
donchian_breakout_100_50,rompimento,2012,9.3897,0.3748,36
donchian_breakout_100_50,rompimento,2013,-5.7359,-4.481,37
donchian_breakout_100_50,rompimento,2014,-4.0734,-4.0562,38
donchian_breakout_100_50,rompimento,2015,-2.8598,0.0,39
donchian_breakout_100_50,rompimento,2016,27.896,9.0,39
donchian_breakout_100_50,rompimento,2017,13.2488,-3.04,40
donchian_breakout_100_50,rompimento,2018,10.2599,9.3596,40
donchian_breakout_100_50,rompimento,2019,31.0887,17.0213,40
donchian_breakout_100_50,rompimento,2020,0.9238,-2.2352,40
donchian_breakout_100_50,rompimento,2021,-8.4875,-9.9918,40
donchian_breakout_100_50,rompimento,2022,-10.4913,-9.8072,40
donchian_breakout_100_50,rompimento,2023,3.6191,-1.0095,40
donchian_breakout_100_50,rompimento,2024,-10.1014,-10.4088,40
donchian_breakout_100_50,rompimento,2025,9.9646,7.5852,40
donchian_breakout_100_50,rompimento,2026,0.7009,-0.9906,40
donchian_breakout_100_50_trend200,rompimento,2000,2.0406,0.0,19
donchian_breakout_100_50_trend200,rompimento,2001,-2.661,0.0,19
donchian_breakout_100_50_trend200,rompimento,2002,4.4437,0.0,21
donchian_breakout_100_50_trend200,rompimento,2003,84.7481,40.5901,21
donchian_breakout_100_50_trend200,rompimento,2004,14.5327,7.9056,23
donchian_breakout_100_50_trend200,rompimento,2005,36.3873,5.0682,24
donchian_breakout_100_50_trend200,rompimento,2006,33.5536,12.8888,26
donchian_breakout_100_50_trend200,rompimento,2007,17.1253,3.177,30
donchian_breakout_100_50_trend200,rompimento,2008,-7.5132,-3.2548,33
donchian_breakout_100_50_trend200,rompimento,2009,38.915,31.7117,35
donchian_breakout_100_50_trend200,rompimento,2010,-1.4501,-4.9714,35
donchian_breakout_100_50_trend200,rompimento,2011,-2.628,0.0,36
donchian_breakout_100_50_trend200,rompimento,2012,9.1122,0.3747,36
donchian_breakout_100_50_trend200,rompimento,2013,-6.235,-4.481,37
donchian_breakout_100_50_trend200,rompimento,2014,-3.5309,-4.0804,38
donchian_breakout_100_50_trend200,rompimento,2015,-3.2014,0.0,39
donchian_breakout_100_50_trend200,rompimento,2016,26.2971,7.1105,39
donchian_breakout_100_50_trend200,rompimento,2017,13.2949,-2.2117,40
donchian_breakout_100_50_trend200,rompimento,2018,9.6186,8.6144,40
donchian_breakout_100_50_trend200,rompimento,2019,30.9606,17.0342,40
donchian_breakout_100_50_trend200,rompimento,2020,0.8809,-2.2364,40
donchian_breakout_100_50_trend200,rompimento,2021,-8.4972,-9.9971,40
donchian_breakout_100_50_trend200,rompimento,2022,-10.4816,-9.6004,40
donchian_breakout_100_50_trend200,rompimento,2023,3.5064,-0.9643,40
donchian_breakout_100_50_trend200,rompimento,2024,-10.1076,-10.4997,40
donchian_breakout_100_50_trend200,rompimento,2025,9.9811,7.5966,40
donchian_breakout_100_50_trend200,rompimento,2026,0.3857,-1.9396,40
donchian_breakout_10_5,rompimento,2000,-9.6545,-6.7626,19
donchian_breakout_10_5,rompimento,2001,1.154,0.0,19
donchian_breakout_10_5,rompimento,2002,-2.95,-5.1577,21
donchian_breakout_10_5,rompimento,2003,55.3163,38.5576,21
donchian_breakout_10_5,rompimento,2004,5.9128,5.0554,23
donchian_breakout_10_5,rompimento,2005,41.0342,13.4542,24
donchian_breakout_10_5,rompimento,2006,33.2538,9.5432,26
donchian_breakout_10_5,rompimento,2007,14.4445,8.4353,30
donchian_breakout_10_5,rompimento,2008,-15.6921,-14.5181,33
donchian_breakout_10_5,rompimento,2009,20.0806,5.6749,35
donchian_breakout_10_5,rompimento,2010,2.656,-1.8087,35
donchian_breakout_10_5,rompimento,2011,-4.421,-9.9724,36
donchian_breakout_10_5,rompimento,2012,12.9838,7.0371,36
donchian_breakout_10_5,rompimento,2013,2.98,1.0952,37
donchian_breakout_10_5,rompimento,2014,-2.1396,-2.4135,38
donchian_breakout_10_5,rompimento,2015,-8.3345,-9.4887,39
donchian_breakout_10_5,rompimento,2016,27.7048,14.0986,39
donchian_breakout_10_5,rompimento,2017,22.6574,7.5165,40
donchian_breakout_10_5,rompimento,2018,16.5327,15.3474,40
donchian_breakout_10_5,rompimento,2019,20.4535,15.5504,40
donchian_breakout_10_5,rompimento,2020,13.488,10.1221,40
donchian_breakout_10_5,rompimento,2021,-4.5509,-4.5286,40
donchian_breakout_10_5,rompimento,2022,-3.38,-2.3565,40
donchian_breakout_10_5,rompimento,2023,6.2308,3.1467,40
donchian_breakout_10_5,rompimento,2024,-9.6085,-9.3486,40
donchian_breakout_10_5,rompimento,2025,11.5181,11.676,40
donchian_breakout_10_5,rompimento,2026,12.2687,10.4258,40
donchian_breakout_20_10,rompimento,2000,1.9427,0.8528,19
donchian_breakout_20_10,rompimento,2001,5.0611,9.1917,19
donchian_breakout_20_10,rompimento,2002,6.9734,0.0,21
donchian_breakout_20_10,rompimento,2003,78.6612,50.2681,21
donchian_breakout_20_10,rompimento,2004,14.7735,11.9848,23
donchian_breakout_20_10,rompimento,2005,40.4912,10.7578,24
donchian_breakout_20_10,rompimento,2006,33.751,16.4384,26
donchian_breakout_20_10,rompimento,2007,12.556,4.0671,30
donchian_breakout_20_10,rompimento,2008,-11.3757,-14.92,33
donchian_breakout_20_10,rompimento,2009,35.6257,26.1322,35
donchian_breakout_20_10,rompimento,2010,4.1728,0.5722,35
donchian_breakout_20_10,rompimento,2011,-8.7083,-15.5554,36
donchian_breakout_20_10,rompimento,2012,12.8312,7.3176,36
donchian_breakout_20_10,rompimento,2013,1.7222,-2.5247,37
donchian_breakout_20_10,rompimento,2014,-3.886,-2.6454,38
donchian_breakout_20_10,rompimento,2015,-4.1306,-10.8848,39
donchian_breakout_20_10,rompimento,2016,41.8664,19.845,39
donchian_breakout_20_10,rompimento,2017,21.8034,8.5445,40
donchian_breakout_20_10,rompimento,2018,19.2105,17.2479,40
donchian_breakout_20_10,rompimento,2019,23.4917,10.1494,40
donchian_breakout_20_10,rompimento,2020,26.1292,9.2224,40
donchian_breakout_20_10,rompimento,2021,-3.4852,-5.8161,40
donchian_breakout_20_10,rompimento,2022,-5.6723,-5.5558,40
donchian_breakout_20_10,rompimento,2023,12.0531,8.0596,40
donchian_breakout_20_10,rompimento,2024,-11.7829,-12.8854,40
donchian_breakout_20_10,rompimento,2025,6.3521,7.2058,40
donchian_breakout_20_10,rompimento,2026,3.3041,0.2113,40
donchian_breakout_20_10_trend100,rompimento,2000,7.4772,1.6215,19
donchian_breakout_20_10_trend100,rompimento,2001,0.8662,6.7901,19
donchian_breakout_20_10_trend100,rompimento,2002,4.971,3.3969,21
donchian_breakout_20_10_trend100,rompimento,2003,78.5404,50.276,21
donchian_breakout_20_10_trend100,rompimento,2004,12.2553,6.9712,23
donchian_breakout_20_10_trend100,rompimento,2005,32.8193,9.0312,24
donchian_breakout_20_10_trend100,rompimento,2006,33.1675,15.6883,26
donchian_breakout_20_10_trend100,rompimento,2007,15.1335,4.07,30
donchian_breakout_20_10_trend100,rompimento,2008,-5.3639,-9.072,33
donchian_breakout_20_10_trend100,rompimento,2009,33.0406,22.3746,35
donchian_breakout_20_10_trend100,rompimento,2010,4.811,0.0,35
donchian_breakout_20_10_trend100,rompimento,2011,-6.9704,-10.701,36
donchian_breakout_20_10_trend100,rompimento,2012,9.8099,6.7133,36
donchian_breakout_20_10_trend100,rompimento,2013,0.1803,-3.4722,37
donchian_breakout_20_10_trend100,rompimento,2014,-3.9183,-1.4826,38
donchian_breakout_20_10_trend100,rompimento,2015,-4.986,-4.249,39
donchian_breakout_20_10_trend100,rompimento,2016,32.2929,16.903,39
donchian_breakout_20_10_trend100,rompimento,2017,19.893,7.1863,40
donchian_breakout_20_10_trend100,rompimento,2018,17.6308,15.6808,40
donchian_breakout_20_10_trend100,rompimento,2019,22.4694,9.6094,40
donchian_breakout_20_10_trend100,rompimento,2020,18.4005,7.2299,40
donchian_breakout_20_10_trend100,rompimento,2021,-3.4831,-6.963,40
donchian_breakout_20_10_trend100,rompimento,2022,-6.9525,-6.6986,40
donchian_breakout_20_10_trend100,rompimento,2023,8.8027,7.2608,40
donchian_breakout_20_10_trend100,rompimento,2024,-8.3634,-10.0535,40
donchian_breakout_20_10_trend100,rompimento,2025,5.7183,5.5253,40
donchian_breakout_20_10_trend100,rompimento,2026,3.9195,-1.0109,40
donchian_breakout_20_10_trend50,rompimento,2000,2.7037,2.7612,19
donchian_breakout_20_10_trend50,rompimento,2001,4.5257,9.1917,19
donchian_breakout_20_10_trend50,rompimento,2002,7.4308,0.0,21
donchian_breakout_20_10_trend50,rompimento,2003,79.4425,50.2714,21
donchian_breakout_20_10_trend50,rompimento,2004,14.8635,12.1749,23
donchian_breakout_20_10_trend50,rompimento,2005,36.5344,9.613,24
donchian_breakout_20_10_trend50,rompimento,2006,33.1592,15.6883,26
donchian_breakout_20_10_trend50,rompimento,2007,12.493,4.0733,30
donchian_breakout_20_10_trend50,rompimento,2008,-9.0964,-9.372,33
donchian_breakout_20_10_trend50,rompimento,2009,35.236,24.2294,35
donchian_breakout_20_10_trend50,rompimento,2010,4.1782,0.5643,35
donchian_breakout_20_10_trend50,rompimento,2011,-8.2719,-14.3287,36
donchian_breakout_20_10_trend50,rompimento,2012,12.7456,7.2341,36
donchian_breakout_20_10_trend50,rompimento,2013,1.5462,-1.9303,37
donchian_breakout_20_10_trend50,rompimento,2014,-3.5324,-2.538,38
donchian_breakout_20_10_trend50,rompimento,2015,-4.4969,-10.3952,39
donchian_breakout_20_10_trend50,rompimento,2016,37.7361,16.5702,39
donchian_breakout_20_10_trend50,rompimento,2017,21.7183,10.1706,40
donchian_breakout_20_10_trend50,rompimento,2018,19.0896,16.4355,40
donchian_breakout_20_10_trend50,rompimento,2019,23.4972,10.2634,40
donchian_breakout_20_10_trend50,rompimento,2020,27.8604,11.884,40
donchian_breakout_20_10_trend50,rompimento,2021,-3.4376,-5.8292,40
donchian_breakout_20_10_trend50,rompimento,2022,-6.1752,-5.8144,40
donchian_breakout_20_10_trend50,rompimento,2023,11.7019,8.0555,40
donchian_breakout_20_10_trend50,rompimento,2024,-10.535,-11.7278,40
donchian_breakout_20_10_trend50,rompimento,2025,5.6939,5.8625,40
donchian_breakout_20_10_trend50,rompimento,2026,3.1782,0.2156,40
donchian_breakout_40_20,rompimento,2000,7.2518,0.0,19
donchian_breakout_40_20,rompimento,2001,4.43,4.721,19
donchian_breakout_40_20,rompimento,2002,5.3195,0.0,21
donchian_breakout_40_20,rompimento,2003,85.6776,39.4792,21
donchian_breakout_40_20,rompimento,2004,12.7775,10.1562,23
donchian_breakout_40_20,rompimento,2005,34.9411,11.5473,24
donchian_breakout_40_20,rompimento,2006,45.6158,16.3381,26
donchian_breakout_40_20,rompimento,2007,5.8153,0.2469,30
donchian_breakout_40_20,rompimento,2008,-6.913,-5.351,33
donchian_breakout_40_20,rompimento,2009,40.2841,23.7011,35
donchian_breakout_40_20,rompimento,2010,0.9833,0.0,35
donchian_breakout_40_20,rompimento,2011,-5.9008,-5.0795,36
donchian_breakout_40_20,rompimento,2012,12.8005,10.7866,36
donchian_breakout_40_20,rompimento,2013,-1.4015,-6.6131,37
donchian_breakout_40_20,rompimento,2014,-0.6078,0.0,38
donchian_breakout_40_20,rompimento,2015,-3.9908,-4.2612,39
donchian_breakout_40_20,rompimento,2016,33.7241,20.143,39
donchian_breakout_40_20,rompimento,2017,16.8687,6.2212,40
donchian_breakout_40_20,rompimento,2018,11.9729,10.105,40
donchian_breakout_40_20,rompimento,2019,22.7681,13.9627,40
donchian_breakout_40_20,rompimento,2020,26.7125,11.9228,40
donchian_breakout_40_20,rompimento,2021,-8.9827,-8.3747,40
donchian_breakout_40_20,rompimento,2022,-7.786,-8.4657,40
donchian_breakout_40_20,rompimento,2023,8.7322,7.4564,40
donchian_breakout_40_20,rompimento,2024,-10.026,-10.2554,40
donchian_breakout_40_20,rompimento,2025,7.3357,6.2509,40
donchian_breakout_40_20,rompimento,2026,-1.7365,-4.4847,40
donchian_breakout_55_20,rompimento,2000,7.4832,0.0,19
donchian_breakout_55_20,rompimento,2001,5.6194,3.0486,19
donchian_breakout_55_20,rompimento,2002,3.7605,0.0,21
donchian_breakout_55_20,rompimento,2003,81.9478,32.0093,21
donchian_breakout_55_20,rompimento,2004,10.443,8.0365,23
donchian_breakout_55_20,rompimento,2005,27.8038,5.4207,24
donchian_breakout_55_20,rompimento,2006,43.2937,14.3793,26
donchian_breakout_55_20,rompimento,2007,5.4063,0.2469,30
donchian_breakout_55_20,rompimento,2008,-4.9434,-4.1426,33
donchian_breakout_55_20,rompimento,2009,35.1021,15.2592,35
donchian_breakout_55_20,rompimento,2010,0.5401,0.0,35
donchian_breakout_55_20,rompimento,2011,-0.798,-1.3662,36
donchian_breakout_55_20,rompimento,2012,10.1715,6.737,36
donchian_breakout_55_20,rompimento,2013,-1.0936,-4.6986,37
donchian_breakout_55_20,rompimento,2014,-0.1466,0.0,38
donchian_breakout_55_20,rompimento,2015,-3.9292,0.0,39
donchian_breakout_55_20,rompimento,2016,23.6263,10.9544,39
donchian_breakout_55_20,rompimento,2017,13.5445,3.0891,40
donchian_breakout_55_20,rompimento,2018,11.2104,9.5318,40
donchian_breakout_55_20,rompimento,2019,22.1315,13.9711,40
donchian_breakout_55_20,rompimento,2020,17.86,2.8214,40
donchian_breakout_55_20,rompimento,2021,-9.8928,-9.1748,40
donchian_breakout_55_20,rompimento,2022,-8.3335,-11.1513,40
donchian_breakout_55_20,rompimento,2023,6.3155,3.6109,40
donchian_breakout_55_20,rompimento,2024,-8.7715,-10.2669,40
donchian_breakout_55_20,rompimento,2025,8.0154,4.1012,40
donchian_breakout_55_20,rompimento,2026,0.6115,-0.7721,40
donchian_breakout_55_20_trend100,rompimento,2000,6.1207,0.0,19
donchian_breakout_55_20_trend100,rompimento,2001,5.8072,3.4201,19
donchian_breakout_55_20_trend100,rompimento,2002,4.2303,0.0,21
donchian_breakout_55_20_trend100,rompimento,2003,81.945,32.0093,21
donchian_breakout_55_20_trend100,rompimento,2004,10.3169,6.106,23
donchian_breakout_55_20_trend100,rompimento,2005,24.9982,6.1584,24
donchian_breakout_55_20_trend100,rompimento,2006,43.2669,14.3793,26
donchian_breakout_55_20_trend100,rompimento,2007,8.6186,0.2717,30
donchian_breakout_55_20_trend100,rompimento,2008,-4.8505,-4.1426,33
donchian_breakout_55_20_trend100,rompimento,2009,35.6623,20.049,35
donchian_breakout_55_20_trend100,rompimento,2010,0.5401,0.0,35
donchian_breakout_55_20_trend100,rompimento,2011,-1.8284,-1.3662,36
donchian_breakout_55_20_trend100,rompimento,2012,10.0351,5.9287,36
donchian_breakout_55_20_trend100,rompimento,2013,-1.5671,-4.6986,37
donchian_breakout_55_20_trend100,rompimento,2014,-0.1397,0.0,38
donchian_breakout_55_20_trend100,rompimento,2015,-3.5822,0.0,39
donchian_breakout_55_20_trend100,rompimento,2016,23.6273,10.9716,39
donchian_breakout_55_20_trend100,rompimento,2017,13.4594,2.9144,40
donchian_breakout_55_20_trend100,rompimento,2018,11.2034,9.5358,40
donchian_breakout_55_20_trend100,rompimento,2019,22.1393,14.3585,40
donchian_breakout_55_20_trend100,rompimento,2020,17.5237,2.5369,40
donchian_breakout_55_20_trend100,rompimento,2021,-10.0395,-9.1359,40
donchian_breakout_55_20_trend100,rompimento,2022,-8.565,-11.1395,40
donchian_breakout_55_20_trend100,rompimento,2023,6.5182,3.8633,40
donchian_breakout_55_20_trend100,rompimento,2024,-8.0653,-9.2473,40
donchian_breakout_55_20_trend100,rompimento,2025,8.0003,4.1012,40
donchian_breakout_55_20_trend100,rompimento,2026,1.0615,0.0,40
donchian_breakout_55_20_trend200,rompimento,2000,2.3255,0.0,19
donchian_breakout_55_20_trend200,rompimento,2001,3.5681,2.8445,19
donchian_breakout_55_20_trend200,rompimento,2002,0.8201,0.0,21
donchian_breakout_55_20_trend200,rompimento,2003,81.6234,32.0026,21
donchian_breakout_55_20_trend200,rompimento,2004,11.2328,8.9865,23
donchian_breakout_55_20_trend200,rompimento,2005,22.1363,0.1255,24
donchian_breakout_55_20_trend200,rompimento,2006,38.3605,12.1455,26
donchian_breakout_55_20_trend200,rompimento,2007,8.8952,0.0248,30
donchian_breakout_55_20_trend200,rompimento,2008,-3.9956,-2.7767,33
donchian_breakout_55_20_trend200,rompimento,2009,27.6344,14.0992,35
donchian_breakout_55_20_trend200,rompimento,2010,0.3233,-1.2148,35
donchian_breakout_55_20_trend200,rompimento,2011,-0.7183,0.0,36
donchian_breakout_55_20_trend200,rompimento,2012,8.1955,3.1749,36
donchian_breakout_55_20_trend200,rompimento,2013,-3.3556,-4.7644,37
donchian_breakout_55_20_trend200,rompimento,2014,-1.1158,-1.6795,38
donchian_breakout_55_20_trend200,rompimento,2015,-5.0016,-1.0903,39
donchian_breakout_55_20_trend200,rompimento,2016,16.1913,5.8028,39
donchian_breakout_55_20_trend200,rompimento,2017,11.9125,0.3042,40
donchian_breakout_55_20_trend200,rompimento,2018,10.0337,7.7945,40
donchian_breakout_55_20_trend200,rompimento,2019,21.298,10.6709,40
donchian_breakout_55_20_trend200,rompimento,2020,16.6506,4.324,40
donchian_breakout_55_20_trend200,rompimento,2021,-9.315,-9.1066,40
donchian_breakout_55_20_trend200,rompimento,2022,-9.4437,-11.4639,40
donchian_breakout_55_20_trend200,rompimento,2023,6.8021,4.2045,40
donchian_breakout_55_20_trend200,rompimento,2024,-8.0369,-8.4438,40
donchian_breakout_55_20_trend200,rompimento,2025,8.1975,5.0714,40
donchian_breakout_55_20_trend200,rompimento,2026,0.667,0.0,40
ema_cross_100_200,tendencia,2000,-4.7254,-7.9296,19
ema_cross_100_200,tendencia,2001,1.5386,0.0,19
ema_cross_100_200,tendencia,2002,4.8052,0.0,21
ema_cross_100_200,tendencia,2003,124.0949,62.3754,21
ema_cross_100_200,tendencia,2004,28.1525,22.2945,23
ema_cross_100_200,tendencia,2005,34.1161,3.1875,24
ema_cross_100_200,tendencia,2006,125.2436,33.9809,26
ema_cross_100_200,tendencia,2007,37.3848,24.2041,30
ema_cross_100_200,tendencia,2008,-16.0987,-19.4661,33
ema_cross_100_200,tendencia,2009,24.3616,24.2576,35
ema_cross_100_200,tendencia,2010,8.7883,8.531,35
ema_cross_100_200,tendencia,2011,-1.5538,-5.2311,36
ema_cross_100_200,tendencia,2012,11.2661,1.9082,36
ema_cross_100_200,tendencia,2013,-4.8915,-5.6829,37
ema_cross_100_200,tendencia,2014,-6.0133,-8.4751,38
ema_cross_100_200,tendencia,2015,-1.8395,0.0,39
ema_cross_100_200,tendencia,2016,21.953,10.9357,39
ema_cross_100_200,tendencia,2017,33.4475,19.0293,40
ema_cross_100_200,tendencia,2018,6.8964,-1.4986,40
ema_cross_100_200,tendencia,2019,40.511,28.062,40
ema_cross_100_200,tendencia,2020,-5.6889,-17.5357,40
ema_cross_100_200,tendencia,2021,-11.4274,-12.5397,40
ema_cross_100_200,tendencia,2022,-6.9584,-7.8139,40
ema_cross_100_200,tendencia,2023,7.3799,3.0517,40
ema_cross_100_200,tendencia,2024,-9.1613,-11.5009,40
ema_cross_100_200,tendencia,2025,9.6513,3.357,40
ema_cross_100_200,tendencia,2026,3.1653,0.0,40
ema_cross_10_30,tendencia,2000,13.3142,0.0,19
ema_cross_10_30,tendencia,2001,5.1636,0.0,19
ema_cross_10_30,tendencia,2002,2.671,0.185,21
ema_cross_10_30,tendencia,2003,115.6423,50.1501,21
ema_cross_10_30,tendencia,2004,15.8233,9.0423,23
ema_cross_10_30,tendencia,2005,41.1259,9.1093,24
ema_cross_10_30,tendencia,2006,39.0433,23.988,26
ema_cross_10_30,tendencia,2007,17.4198,9.53,30
ema_cross_10_30,tendencia,2008,-12.4045,-16.1707,33
ema_cross_10_30,tendencia,2009,55.4517,50.6852,35
ema_cross_10_30,tendencia,2010,2.2531,-0.9092,35
ema_cross_10_30,tendencia,2011,-8.3514,-10.1304,36
ema_cross_10_30,tendencia,2012,15.5064,11.862,36
ema_cross_10_30,tendencia,2013,0.128,-3.9978,37
ema_cross_10_30,tendencia,2014,-3.3816,-2.6129,38
ema_cross_10_30,tendencia,2015,-6.8095,-5.5794,39
ema_cross_10_30,tendencia,2016,53.2138,30.5806,39
ema_cross_10_30,tendencia,2017,26.7456,9.8936,40
ema_cross_10_30,tendencia,2018,20.2396,16.6072,40
ema_cross_10_30,tendencia,2019,29.4275,17.2529,40
ema_cross_10_30,tendencia,2020,29.5695,21.5202,40
ema_cross_10_30,tendencia,2021,-9.0961,-11.2926,40
ema_cross_10_30,tendencia,2022,-5.245,-8.6794,40
ema_cross_10_30,tendencia,2023,13.7628,13.2309,40
ema_cross_10_30,tendencia,2024,-12.1007,-10.5646,40
ema_cross_10_30,tendencia,2025,12.7681,9.6358,40
ema_cross_10_30,tendencia,2026,3.1922,-1.9491,40
ema_cross_20_50,tendencia,2000,32.8667,0.0,19
ema_cross_20_50,tendencia,2001,-1.3735,-0.9451,19
ema_cross_20_50,tendencia,2002,6.6615,4.691,21
ema_cross_20_50,tendencia,2003,121.0655,57.0983,21
ema_cross_20_50,tendencia,2004,21.34,12.4608,23
ema_cross_20_50,tendencia,2005,43.13,16.3197,24
ema_cross_20_50,tendencia,2006,41.9588,19.2575,26
ema_cross_20_50,tendencia,2007,14.6195,5.7948,30
ema_cross_20_50,tendencia,2008,-11.1792,-11.3853,33
ema_cross_20_50,tendencia,2009,56.4003,40.707,35
ema_cross_20_50,tendencia,2010,5.0938,2.3212,35
ema_cross_20_50,tendencia,2011,-4.6429,-6.4009,36
ema_cross_20_50,tendencia,2012,15.5554,11.4699,36
ema_cross_20_50,tendencia,2013,-2.1905,-6.107,37
ema_cross_20_50,tendencia,2014,-1.5723,-1.1256,38
ema_cross_20_50,tendencia,2015,-3.5209,-5.8998,39
ema_cross_20_50,tendencia,2016,38.8672,20.2457,39
ema_cross_20_50,tendencia,2017,24.7599,9.0955,40
ema_cross_20_50,tendencia,2018,14.6943,13.2531,40
ema_cross_20_50,tendencia,2019,33.4611,21.3672,40
ema_cross_20_50,tendencia,2020,12.6251,-0.5296,40
ema_cross_20_50,tendencia,2021,-8.9214,-9.3169,40
ema_cross_20_50,tendencia,2022,-7.6974,-12.8906,40
ema_cross_20_50,tendencia,2023,7.7049,7.1732,40
ema_cross_20_50,tendencia,2024,-13.8004,-13.0938,40
ema_cross_20_50,tendencia,2025,12.7136,10.7096,40
ema_cross_20_50,tendencia,2026,-1.3562,-4.7779,40
ema_cross_50_100,tendencia,2000,26.3057,-5.5011,19
ema_cross_50_100,tendencia,2001,-3.6346,-3.617,19
ema_cross_50_100,tendencia,2002,7.9979,0.0,21
ema_cross_50_100,tendencia,2003,128.5942,47.8216,21
ema_cross_50_100,tendencia,2004,18.0685,10.5255,23
ema_cross_50_100,tendencia,2005,35.8627,7.1748,24
ema_cross_50_100,tendencia,2006,118.8623,20.3174,26
ema_cross_50_100,tendencia,2007,32.258,21.1169,30
ema_cross_50_100,tendencia,2008,-12.817,-12.8919,33
ema_cross_50_100,tendencia,2009,44.0498,43.0525,35
ema_cross_50_100,tendencia,2010,5.4,0.0,35
ema_cross_50_100,tendencia,2011,-3.3067,-2.5235,36
ema_cross_50_100,tendencia,2012,11.2345,3.7615,36
ema_cross_50_100,tendencia,2013,-7.1629,-10.4089,37
ema_cross_50_100,tendencia,2014,-5.1118,-5.5934,38
ema_cross_50_100,tendencia,2015,-4.7302,-5.907,39
ema_cross_50_100,tendencia,2016,25.3832,12.9238,39
ema_cross_50_100,tendencia,2017,25.2253,3.6784,40
ema_cross_50_100,tendencia,2018,7.4939,4.6256,40
ema_cross_50_100,tendencia,2019,41.6906,29.5545,40
ema_cross_50_100,tendencia,2020,-7.9348,-17.4127,40
ema_cross_50_100,tendencia,2021,-10.6946,-11.3038,40
ema_cross_50_100,tendencia,2022,-10.5683,-12.6286,40
ema_cross_50_100,tendencia,2023,6.2339,4.5766,40
ema_cross_50_100,tendencia,2024,-12.4042,-13.938,40
ema_cross_50_100,tendencia,2025,12.5851,13.7451,40
ema_cross_50_100,tendencia,2026,1.0367,-3.1647,40
ema_cross_5_20,tendencia,2000,3.0228,-8.2845,19
ema_cross_5_20,tendencia,2001,-3.5633,0.0,19
ema_cross_5_20,tendencia,2002,0.1403,-1.5739,21
ema_cross_5_20,tendencia,2003,163.7362,66.956,21
ema_cross_5_20,tendencia,2004,10.1559,5.0555,23
ema_cross_5_20,tendencia,2005,43.4478,9.0365,24
ema_cross_5_20,tendencia,2006,40.898,19.9025,26
ema_cross_5_20,tendencia,2007,15.146,4.089,30
ema_cross_5_20,tendencia,2008,-12.2134,-16.8234,33
ema_cross_5_20,tendencia,2009,48.3322,42.7854,35
ema_cross_5_20,tendencia,2010,2.2147,-0.9998,35
ema_cross_5_20,tendencia,2011,-6.9336,-14.3704,36
ema_cross_5_20,tendencia,2012,14.7659,7.642,36
ema_cross_5_20,tendencia,2013,1.8223,2.5623,37
ema_cross_5_20,tendencia,2014,-5.3211,-5.6293,38
ema_cross_5_20,tendencia,2015,-7.2421,-8.6693,39
ema_cross_5_20,tendencia,2016,52.725,28.992,39
ema_cross_5_20,tendencia,2017,24.6429,14.0573,40
ema_cross_5_20,tendencia,2018,19.8297,16.7931,40
ema_cross_5_20,tendencia,2019,27.2598,17.8057,40
ema_cross_5_20,tendencia,2020,32.8746,15.8969,40
ema_cross_5_20,tendencia,2021,-8.2839,-10.4839,40
ema_cross_5_20,tendencia,2022,-2.1113,-2.8171,40
ema_cross_5_20,tendencia,2023,13.0121,7.0752,40
ema_cross_5_20,tendencia,2024,-11.2337,-10.3398,40
ema_cross_5_20,tendencia,2025,13.3286,14.5558,40
ema_cross_5_20,tendencia,2026,9.0437,6.2924,40
macd_10_30_9,tendencia,2000,1.3588,0.0,19
macd_10_30_9,tendencia,2001,9.3092,1.9427,19
macd_10_30_9,tendencia,2002,-1.1169,0.0,21
macd_10_30_9,tendencia,2003,55.0682,24.8076,21
macd_10_30_9,tendencia,2004,16.9842,10.2063,23
macd_10_30_9,tendencia,2005,32.8427,19.6981,24
macd_10_30_9,tendencia,2006,89.4674,8.2365,26
macd_10_30_9,tendencia,2007,78.9745,10.3652,30
macd_10_30_9,tendencia,2008,-26.8138,-30.6651,33
macd_10_30_9,tendencia,2009,27.6452,22.5004,35
macd_10_30_9,tendencia,2010,2.8376,1.9878,35
macd_10_30_9,tendencia,2011,-8.9413,-8.7068,36
macd_10_30_9,tendencia,2012,11.384,7.3569,36
macd_10_30_9,tendencia,2013,1.8377,1.9169,37
macd_10_30_9,tendencia,2014,-9.3005,-9.9992,38
macd_10_30_9,tendencia,2015,-11.2061,-17.9092,39
macd_10_30_9,tendencia,2016,47.2388,22.7434,39
macd_10_30_9,tendencia,2017,29.3095,14.3934,40
macd_10_30_9,tendencia,2018,16.8754,11.1337,40
macd_10_30_9,tendencia,2019,17.6217,10.7693,40
macd_10_30_9,tendencia,2020,21.8593,14.8724,40
macd_10_30_9,tendencia,2021,-8.8882,-10.8749,40
macd_10_30_9,tendencia,2022,3.4038,4.9665,40
macd_10_30_9,tendencia,2023,5.771,3.7701,40
macd_10_30_9,tendencia,2024,-10.2032,-12.4553,40
macd_10_30_9,tendencia,2025,20.6648,18.8532,40
macd_10_30_9,tendencia,2026,16.757,14.1614,40
macd_12_26_12,tendencia,2000,1.08,0.0,19
macd_12_26_12,tendencia,2001,9.4563,4.1266,19
macd_12_26_12,tendencia,2002,-0.0243,0.0,21
macd_12_26_12,tendencia,2003,56.2293,35.5339,21
macd_12_26_12,tendencia,2004,20.6747,15.944,23
macd_12_26_12,tendencia,2005,32.408,13.3983,24
macd_12_26_12,tendencia,2006,20.1714,11.0087,26
macd_12_26_12,tendencia,2007,79.7825,10.5921,30
macd_12_26_12,tendencia,2008,-24.3594,-22.7306,33
macd_12_26_12,tendencia,2009,34.2147,30.409,35
macd_12_26_12,tendencia,2010,3.6019,4.6263,35
macd_12_26_12,tendencia,2011,-8.3695,-10.8188,36
macd_12_26_12,tendencia,2012,10.8238,5.9411,36
macd_12_26_12,tendencia,2013,2.9355,3.2258,37
macd_12_26_12,tendencia,2014,-10.7558,-14.1742,38
macd_12_26_12,tendencia,2015,-10.623,-16.5861,39
macd_12_26_12,tendencia,2016,49.019,30.7755,39
macd_12_26_12,tendencia,2017,26.6773,11.942,40
macd_12_26_12,tendencia,2018,16.8293,15.9972,40
macd_12_26_12,tendencia,2019,16.8159,10.8893,40
macd_12_26_12,tendencia,2020,31.8288,22.9947,40
macd_12_26_12,tendencia,2021,-6.3169,-8.2331,40
macd_12_26_12,tendencia,2022,3.8425,5.752,40
macd_12_26_12,tendencia,2023,8.0373,5.2366,40
macd_12_26_12,tendencia,2024,-10.3579,-13.1792,40
macd_12_26_12,tendencia,2025,19.1409,18.2304,40
macd_12_26_12,tendencia,2026,17.5682,14.2955,40
macd_12_26_5,tendencia,2000,-0.5043,-0.4558,19
macd_12_26_5,tendencia,2001,2.1063,0.0,19
macd_12_26_5,tendencia,2002,0.4441,0.0,21
macd_12_26_5,tendencia,2003,93.2611,28.1022,21
macd_12_26_5,tendencia,2004,16.1389,8.9495,23
macd_12_26_5,tendencia,2005,33.4458,19.3902,24
macd_12_26_5,tendencia,2006,94.6755,10.0945,26
macd_12_26_5,tendencia,2007,78.6335,5.0316,30
macd_12_26_5,tendencia,2008,-30.9056,-29.0296,33
macd_12_26_5,tendencia,2009,31.4829,27.613,35
macd_12_26_5,tendencia,2010,2.8791,0.7742,35
macd_12_26_5,tendencia,2011,-8.2205,-7.1412,36
macd_12_26_5,tendencia,2012,9.0346,1.7686,36
macd_12_26_5,tendencia,2013,2.2222,0.1361,37
macd_12_26_5,tendencia,2014,-5.0226,-0.4418,38
macd_12_26_5,tendencia,2015,-16.8998,-17.1852,39
macd_12_26_5,tendencia,2016,39.9795,13.9504,39
macd_12_26_5,tendencia,2017,29.103,11.9137,40
macd_12_26_5,tendencia,2018,11.9987,9.2692,40
macd_12_26_5,tendencia,2019,16.8307,12.011,40
macd_12_26_5,tendencia,2020,17.4567,16.2315,40
macd_12_26_5,tendencia,2021,-7.7893,-9.6877,40
macd_12_26_5,tendencia,2022,2.165,5.2346,40
macd_12_26_5,tendencia,2023,5.8309,3.5418,40
macd_12_26_5,tendencia,2024,-9.5636,-12.5783,40
macd_12_26_5,tendencia,2025,18.5979,11.0296,40
macd_12_26_5,tendencia,2026,19.1824,13.392,40
macd_12_26_9_trend100,tendencia,2000,3.0498,0.0,19
macd_12_26_9_trend100,tendencia,2001,-2.2468,-3.0062,19
macd_12_26_9_trend100,tendencia,2002,-0.4571,0.3761,21
macd_12_26_9_trend100,tendencia,2003,47.1098,22.4844,21
macd_12_26_9_trend100,tendencia,2004,6.1926,0.1177,23
macd_12_26_9_trend100,tendencia,2005,26.8609,9.62,24
macd_12_26_9_trend100,tendencia,2006,11.1885,0.0,26
macd_12_26_9_trend100,tendencia,2007,13.8821,4.9512,30
macd_12_26_9_trend100,tendencia,2008,-5.0071,-4.544,33
macd_12_26_9_trend100,tendencia,2009,18.0992,10.0946,35
macd_12_26_9_trend100,tendencia,2010,0.8553,-2.1246,35
macd_12_26_9_trend100,tendencia,2011,-8.13,-8.5021,36
macd_12_26_9_trend100,tendencia,2012,6.5415,6.9218,36
macd_12_26_9_trend100,tendencia,2013,0.6825,0.0,37
macd_12_26_9_trend100,tendencia,2014,-1.6334,-1.8888,38
macd_12_26_9_trend100,tendencia,2015,-4.235,-5.1602,39
macd_12_26_9_trend100,tendencia,2016,19.3614,13.3338,39
macd_12_26_9_trend100,tendencia,2017,19.4743,2.6521,40
macd_12_26_9_trend100,tendencia,2018,7.9821,5.5898,40
macd_12_26_9_trend100,tendencia,2019,10.8437,2.8692,40
macd_12_26_9_trend100,tendencia,2020,3.1874,-4.1024,40
macd_12_26_9_trend100,tendencia,2021,-3.036,-5.172,40
macd_12_26_9_trend100,tendencia,2022,-4.5894,-4.3336,40
macd_12_26_9_trend100,tendencia,2023,2.9235,3.5019,40
macd_12_26_9_trend100,tendencia,2024,-6.2412,-7.4612,40
macd_12_26_9_trend100,tendencia,2025,7.6733,5.2989,40
macd_12_26_9_trend100,tendencia,2026,11.4196,8.4091,40
macd_12_26_9_trend200,tendencia,2000,-2.1019,0.0,19
macd_12_26_9_trend200,tendencia,2001,2.0543,3.2506,19
macd_12_26_9_trend200,tendencia,2002,0.3437,0.0,21
macd_12_26_9_trend200,tendencia,2003,48.1081,22.488,21
macd_12_26_9_trend200,tendencia,2004,7.3672,0.0,23
macd_12_26_9_trend200,tendencia,2005,23.4732,5.9057,24
macd_12_26_9_trend200,tendencia,2006,82.9176,0.8285,26
macd_12_26_9_trend200,tendencia,2007,16.9143,8.4851,30
macd_12_26_9_trend200,tendencia,2008,-7.6635,-6.25,33
macd_12_26_9_trend200,tendencia,2009,9.3355,3.5268,35
macd_12_26_9_trend200,tendencia,2010,-0.2682,0.0,35
macd_12_26_9_trend200,tendencia,2011,-4.3929,-3.92,36
macd_12_26_9_trend200,tendencia,2012,4.3421,0.6343,36
macd_12_26_9_trend200,tendencia,2013,-1.4354,-2.9384,37
macd_12_26_9_trend200,tendencia,2014,-4.604,-5.8879,38
macd_12_26_9_trend200,tendencia,2015,-6.0191,-8.2821,39
macd_12_26_9_trend200,tendencia,2016,16.3134,8.1676,39
macd_12_26_9_trend200,tendencia,2017,19.8555,1.6578,40
macd_12_26_9_trend200,tendencia,2018,4.0125,2.0751,40
macd_12_26_9_trend200,tendencia,2019,11.214,3.1619,40
macd_12_26_9_trend200,tendencia,2020,4.5292,-0.5435,40
macd_12_26_9_trend200,tendencia,2021,-1.8649,-2.8146,40
macd_12_26_9_trend200,tendencia,2022,-5.5072,-8.1198,40
macd_12_26_9_trend200,tendencia,2023,-0.3451,-0.6053,40
macd_12_26_9_trend200,tendencia,2024,-6.7371,-7.5622,40
macd_12_26_9_trend200,tendencia,2025,9.7955,6.2474,40
macd_12_26_9_trend200,tendencia,2026,12.6001,6.7321,40
macd_12_26_9_trend50,tendencia,2000,3.5401,1.9801,19
macd_12_26_9_trend50,tendencia,2001,0.7791,0.0,19
macd_12_26_9_trend50,tendencia,2002,-3.1464,-2.6803,21
macd_12_26_9_trend50,tendencia,2003,45.3522,21.4754,21
macd_12_26_9_trend50,tendencia,2004,8.6015,1.8161,23
macd_12_26_9_trend50,tendencia,2005,26.7882,12.8628,24
macd_12_26_9_trend50,tendencia,2006,11.1678,0.3313,26
macd_12_26_9_trend50,tendencia,2007,76.7229,10.0142,30
macd_12_26_9_trend50,tendencia,2008,-10.4934,-10.8272,33
macd_12_26_9_trend50,tendencia,2009,20.5637,17.1136,35
macd_12_26_9_trend50,tendencia,2010,2.2753,0.0,35
macd_12_26_9_trend50,tendencia,2011,-5.5609,-9.5761,36
macd_12_26_9_trend50,tendencia,2012,7.7786,1.8578,36
macd_12_26_9_trend50,tendencia,2013,1.7604,0.5017,37
macd_12_26_9_trend50,tendencia,2014,-3.3739,-0.3587,38
macd_12_26_9_trend50,tendencia,2015,-8.8715,-12.7956,39
macd_12_26_9_trend50,tendencia,2016,26.0567,11.7404,39
macd_12_26_9_trend50,tendencia,2017,21.0035,3.5053,40
macd_12_26_9_trend50,tendencia,2018,9.832,8.7448,40
macd_12_26_9_trend50,tendencia,2019,12.0831,6.088,40
macd_12_26_9_trend50,tendencia,2020,14.2767,10.5107,40
macd_12_26_9_trend50,tendencia,2021,-4.0207,-7.0627,40
macd_12_26_9_trend50,tendencia,2022,-5.0122,-3.7517,40
macd_12_26_9_trend50,tendencia,2023,9.2333,5.0302,40
macd_12_26_9_trend50,tendencia,2024,-7.9356,-7.7668,40
macd_12_26_9_trend50,tendencia,2025,8.6119,4.7231,40
macd_12_26_9_trend50,tendencia,2026,10.3431,7.5098,40
macd_19_39_9,tendencia,2000,1.8875,-1.4665,19
macd_19_39_9,tendencia,2001,5.1571,0.0,19
macd_19_39_9,tendencia,2002,-3.2397,0.0,21
macd_19_39_9,tendencia,2003,56.4417,31.7835,21
macd_19_39_9,tendencia,2004,15.467,17.2347,23
macd_19_39_9,tendencia,2005,36.1808,12.7181,24
macd_19_39_9,tendencia,2006,25.9088,14.4808,26
macd_19_39_9,tendencia,2007,79.7919,3.433,30
macd_19_39_9,tendencia,2008,-21.7527,-23.4879,33
macd_19_39_9,tendencia,2009,33.329,27.7679,35
macd_19_39_9,tendencia,2010,2.1786,0.1736,35
macd_19_39_9,tendencia,2011,-10.1216,-10.9492,36
macd_19_39_9,tendencia,2012,14.1183,7.743,36
macd_19_39_9,tendencia,2013,1.987,2.287,37
macd_19_39_9,tendencia,2014,-8.8107,-4.4785,38
macd_19_39_9,tendencia,2015,-10.0144,-8.569,39
macd_19_39_9,tendencia,2016,63.6387,27.9556,39
macd_19_39_9,tendencia,2017,30.2052,18.6153,40
macd_19_39_9,tendencia,2018,21.2089,17.9098,40
macd_19_39_9,tendencia,2019,21.2571,16.4548,40
macd_19_39_9,tendencia,2020,36.4637,22.7089,40
macd_19_39_9,tendencia,2021,-7.8982,-12.8671,40
macd_19_39_9,tendencia,2022,0.8637,2.1966,40
macd_19_39_9,tendencia,2023,12.6619,6.8849,40
macd_19_39_9,tendencia,2024,-10.7638,-12.5841,40
macd_19_39_9,tendencia,2025,15.2475,16.2519,40
macd_19_39_9,tendencia,2026,13.9516,9.9294,40
macd_24_52_18,tendencia,2000,8.3131,9.8905,19
macd_24_52_18,tendencia,2001,3.2783,0.0,19
macd_24_52_18,tendencia,2002,-0.3729,2.3245,21
macd_24_52_18,tendencia,2003,112.125,46.3569,21
macd_24_52_18,tendencia,2004,19.4872,19.9214,23
macd_24_52_18,tendencia,2005,32.9366,15.5009,24
macd_24_52_18,tendencia,2006,25.5271,14.9655,26
macd_24_52_18,tendencia,2007,75.7097,11.3066,30
macd_24_52_18,tendencia,2008,-17.2502,-15.5433,33
macd_24_52_18,tendencia,2009,37.6079,31.7654,35
macd_24_52_18,tendencia,2010,5.4883,8.12,35
macd_24_52_18,tendencia,2011,-12.3116,-15.7273,36
macd_24_52_18,tendencia,2012,14.9478,12.3282,36
macd_24_52_18,tendencia,2013,-0.7169,-0.4383,37
macd_24_52_18,tendencia,2014,-4.0495,-1.0408,38
macd_24_52_18,tendencia,2015,-3.9135,-5.9365,39
macd_24_52_18,tendencia,2016,65.7783,32.8738,39
macd_24_52_18,tendencia,2017,31.197,19.9117,40
macd_24_52_18,tendencia,2018,23.1049,11.4654,40
macd_24_52_18,tendencia,2019,22.1695,19.982,40
macd_24_52_18,tendencia,2020,43.1197,34.278,40
macd_24_52_18,tendencia,2021,-9.6127,-10.2447,40
macd_24_52_18,tendencia,2022,-1.2866,-2.4853,40
macd_24_52_18,tendencia,2023,16.6059,12.7152,40
macd_24_52_18,tendencia,2024,-7.9353,-10.0036,40
macd_24_52_18,tendencia,2025,16.6614,15.9705,40
macd_24_52_18,tendencia,2026,4.9323,0.2603,40
macd_5_35_5,tendencia,2000,3.8407,0.0,19
macd_5_35_5,tendencia,2001,-5.7585,-1.3573,19
macd_5_35_5,tendencia,2002,7.7127,0.0,21
macd_5_35_5,tendencia,2003,90.7146,34.632,21
macd_5_35_5,tendencia,2004,13.813,7.6021,23
macd_5_35_5,tendencia,2005,29.6559,19.8515,24
macd_5_35_5,tendencia,2006,103.8216,20.6586,26
macd_5_35_5,tendencia,2007,83.8518,9.7742,30
macd_5_35_5,tendencia,2008,-27.1357,-32.6938,33
macd_5_35_5,tendencia,2009,36.9035,31.5989,35
macd_5_35_5,tendencia,2010,3.7246,0.0,35
macd_5_35_5,tendencia,2011,-5.8696,-3.8834,36
macd_5_35_5,tendencia,2012,8.2021,5.4321,36
macd_5_35_5,tendencia,2013,1.4274,-0.2669,37
macd_5_35_5,tendencia,2014,0.8177,2.8235,38
macd_5_35_5,tendencia,2015,-16.0932,-23.2471,39
macd_5_35_5,tendencia,2016,29.7781,13.044,39
macd_5_35_5,tendencia,2017,19.7247,9.0566,40
macd_5_35_5,tendencia,2018,7.9584,3.7464,40
macd_5_35_5,tendencia,2019,15.3038,8.056,40
macd_5_35_5,tendencia,2020,10.2535,-1.6355,40
macd_5_35_5,tendencia,2021,-7.8823,-7.4242,40
macd_5_35_5,tendencia,2022,2.7326,5.7254,40
macd_5_35_5,tendencia,2023,5.945,2.7582,40
macd_5_35_5,tendencia,2024,-10.6192,-12.5102,40
macd_5_35_5,tendencia,2025,16.3854,14.313,40
macd_5_35_5,tendencia,2026,18.3708,15.6611,40
macd_8_17_9,tendencia,2000,-2.9166,-6.1907,19
macd_8_17_9,tendencia,2001,-2.4634,0.0,19
macd_8_17_9,tendencia,2002,0.7446,-6.1808,21
macd_8_17_9,tendencia,2003,88.3789,25.5901,21
macd_8_17_9,tendencia,2004,14.8488,8.7708,23
macd_8_17_9,tendencia,2005,27.7416,12.6476,24
macd_8_17_9,tendencia,2006,87.9604,9.4582,26
macd_8_17_9,tendencia,2007,77.0095,6.3729,30
macd_8_17_9,tendencia,2008,-28.389,-32.1095,33
macd_8_17_9,tendencia,2009,32.9325,19.1629,35
macd_8_17_9,tendencia,2010,3.1441,2.5558,35
macd_8_17_9,tendencia,2011,-7.1157,-6.2601,36
macd_8_17_9,tendencia,2012,8.5271,2.9878,36
macd_8_17_9,tendencia,2013,2.1316,0.7996,37
macd_8_17_9,tendencia,2014,-5.1368,-2.569,38
macd_8_17_9,tendencia,2015,-16.1516,-17.37,39
macd_8_17_9,tendencia,2016,33.2389,13.8537,39
macd_8_17_9,tendencia,2017,21.4241,9.2216,40
macd_8_17_9,tendencia,2018,10.0578,7.5428,40
macd_8_17_9,tendencia,2019,15.1441,9.257,40
macd_8_17_9,tendencia,2020,13.3673,6.9397,40
macd_8_17_9,tendencia,2021,-8.0257,-9.3808,40
macd_8_17_9,tendencia,2022,2.3399,6.0483,40
macd_8_17_9,tendencia,2023,5.1611,4.3173,40
macd_8_17_9,tendencia,2024,-10.7834,-12.609,40
macd_8_17_9,tendencia,2025,17.8979,15.2705,40
macd_8_17_9,tendencia,2026,17.8784,12.8508,40
rsi14_reversion_25_60,reversao,2000,12.3271,5.55,19
rsi14_reversion_25_60,reversao,2001,8.584,5.4817,19
rsi14_reversion_25_60,reversao,2002,2.045,0.0,21
rsi14_reversion_25_60,reversao,2003,4.2164,0.0,21
rsi14_reversion_25_60,reversao,2004,5.8222,0.0,23
rsi14_reversion_25_60,reversao,2005,-3.1472,0.0,24
rsi14_reversion_25_60,reversao,2006,74.1711,0.0,26
rsi14_reversion_25_60,reversao,2007,69.3803,0.0,30
rsi14_reversion_25_60,reversao,2008,-7.928,0.0,33
rsi14_reversion_25_60,reversao,2009,1.1332,0.0,35
rsi14_reversion_25_60,reversao,2010,1.498,0.0,35
rsi14_reversion_25_60,reversao,2011,-0.1194,0.0,36
rsi14_reversion_25_60,reversao,2012,-0.5689,0.0,36
rsi14_reversion_25_60,reversao,2013,1.8415,0.0,37
rsi14_reversion_25_60,reversao,2014,0.2115,0.0,38
rsi14_reversion_25_60,reversao,2015,-5.4476,0.0,39
rsi14_reversion_25_60,reversao,2016,1.1954,0.0,39
rsi14_reversion_25_60,reversao,2017,-0.629,0.0,40
rsi14_reversion_25_60,reversao,2018,-0.9357,0.0,40
rsi14_reversion_25_60,reversao,2019,2.4445,0.0,40
rsi14_reversion_25_60,reversao,2020,-5.4424,0.0,40
rsi14_reversion_25_60,reversao,2021,0.9799,0.0,40
rsi14_reversion_25_60,reversao,2022,3.3372,0.0,40
rsi14_reversion_25_60,reversao,2023,1.5494,0.0,40
rsi14_reversion_25_60,reversao,2024,-1.1955,0.0,40
rsi14_reversion_25_60,reversao,2025,1.0398,0.0,40
rsi14_reversion_25_60,reversao,2026,2.9988,0.0,40
rsi14_reversion_30_70_trend200,reversao,2000,0.0,0.0,19
rsi14_reversion_30_70_trend200,reversao,2001,0.5223,0.0,19
rsi14_reversion_30_70_trend200,reversao,2002,-0.8201,0.0,21
rsi14_reversion_30_70_trend200,reversao,2003,1.2274,0.0,21
rsi14_reversion_30_70_trend200,reversao,2004,2.5736,0.0,23
rsi14_reversion_30_70_trend200,reversao,2005,0.0965,0.0,24
rsi14_reversion_30_70_trend200,reversao,2006,75.9631,2.1291,26
rsi14_reversion_30_70_trend200,reversao,2007,7.4269,0.0,30
rsi14_reversion_30_70_trend200,reversao,2008,1.3317,0.0,33
rsi14_reversion_30_70_trend200,reversao,2009,0.4953,0.0,35
rsi14_reversion_30_70_trend200,reversao,2010,-0.5976,0.0,35
rsi14_reversion_30_70_trend200,reversao,2011,-0.1379,0.0,36
rsi14_reversion_30_70_trend200,reversao,2012,-0.8871,0.0,36
rsi14_reversion_30_70_trend200,reversao,2013,1.6299,0.0,37
rsi14_reversion_30_70_trend200,reversao,2014,-1.3262,0.0,38
rsi14_reversion_30_70_trend200,reversao,2015,-0.4078,0.0,39
rsi14_reversion_30_70_trend200,reversao,2016,1.3181,0.0,39
rsi14_reversion_30_70_trend200,reversao,2017,-0.426,0.0,40
rsi14_reversion_30_70_trend200,reversao,2018,-1.8638,0.0,40
rsi14_reversion_30_70_trend200,reversao,2019,1.3458,0.0,40
rsi14_reversion_30_70_trend200,reversao,2020,-2.3673,0.0,40
rsi14_reversion_30_70_trend200,reversao,2021,0.5895,0.0,40
rsi14_reversion_30_70_trend200,reversao,2022,-0.247,0.0,40
rsi14_reversion_30_70_trend200,reversao,2023,-0.7425,0.0,40
rsi14_reversion_30_70_trend200,reversao,2024,0.3588,0.0,40
rsi14_reversion_30_70_trend200,reversao,2025,0.2886,0.0,40
rsi14_reversion_30_70_trend200,reversao,2026,-0.001,0.0,40
rsi2_reversion_10_70,reversao,2000,13.034,3.3428,19
rsi2_reversion_10_70,reversao,2001,9.4996,6.8479,19
rsi2_reversion_10_70,reversao,2002,13.6737,5.602,21
rsi2_reversion_10_70,reversao,2003,17.9566,10.4096,21
rsi2_reversion_10_70,reversao,2004,9.977,9.0832,23
rsi2_reversion_10_70,reversao,2005,-3.7346,-0.8447,24
rsi2_reversion_10_70,reversao,2006,10.6367,3.2702,26
rsi2_reversion_10_70,reversao,2007,73.9226,16.0335,30
rsi2_reversion_10_70,reversao,2008,2.3486,-0.9448,33
rsi2_reversion_10_70,reversao,2009,16.0568,16.4691,35
rsi2_reversion_10_70,reversao,2010,9.2774,7.9299,35
rsi2_reversion_10_70,reversao,2011,-5.5303,-3.7948,36
rsi2_reversion_10_70,reversao,2012,5.1415,5.7949,36
rsi2_reversion_10_70,reversao,2013,-2.1669,1.4542,37
rsi2_reversion_10_70,reversao,2014,0.9504,0.7187,38
rsi2_reversion_10_70,reversao,2015,0.7616,3.351,39
rsi2_reversion_10_70,reversao,2016,7.9928,8.8192,39
rsi2_reversion_10_70,reversao,2017,10.577,9.0268,40
rsi2_reversion_10_70,reversao,2018,9.8208,7.4058,40
rsi2_reversion_10_70,reversao,2019,12.8672,11.6756,40
rsi2_reversion_10_70,reversao,2020,-6.4101,-5.1654,40
rsi2_reversion_10_70,reversao,2021,2.2038,-0.3734,40
rsi2_reversion_10_70,reversao,2022,2.2202,4.2332,40
rsi2_reversion_10_70,reversao,2023,10.4326,11.2661,40
rsi2_reversion_10_70,reversao,2024,-1.9157,-0.3158,40
rsi2_reversion_10_70,reversao,2025,3.806,2.724,40
rsi2_reversion_10_70,reversao,2026,-7.3364,-6.2047,40
rsi2_reversion_5_70,reversao,2000,15.1246,9.1925,19
rsi2_reversion_5_70,reversao,2001,3.4152,0.0,19
rsi2_reversion_5_70,reversao,2002,14.29,6.7816,21
rsi2_reversion_5_70,reversao,2003,6.7983,6.2156,21
rsi2_reversion_5_70,reversao,2004,5.2682,2.2969,23
rsi2_reversion_5_70,reversao,2005,-0.8466,0.5597,24
rsi2_reversion_5_70,reversao,2006,10.6467,6.1116,26
rsi2_reversion_5_70,reversao,2007,79.8078,18.8645,30
rsi2_reversion_5_70,reversao,2008,16.1384,14.252,33
rsi2_reversion_5_70,reversao,2009,9.992,8.1204,35
rsi2_reversion_5_70,reversao,2010,7.9481,7.7453,35
rsi2_reversion_5_70,reversao,2011,-1.8432,-0.0093,36
rsi2_reversion_5_70,reversao,2012,3.1326,2.5228,36
rsi2_reversion_5_70,reversao,2013,-2.6498,-1.2635,37
rsi2_reversion_5_70,reversao,2014,0.7336,0.3914,38
rsi2_reversion_5_70,reversao,2015,-1.925,1.5665,39
rsi2_reversion_5_70,reversao,2016,0.6469,5.1871,39
rsi2_reversion_5_70,reversao,2017,4.9146,3.0493,40
rsi2_reversion_5_70,reversao,2018,6.8735,9.007,40
rsi2_reversion_5_70,reversao,2019,8.7968,8.925,40
rsi2_reversion_5_70,reversao,2020,-9.2024,-7.251,40
rsi2_reversion_5_70,reversao,2021,0.2525,-0.2728,40
rsi2_reversion_5_70,reversao,2022,2.2072,3.5742,40
rsi2_reversion_5_70,reversao,2023,4.028,3.3282,40
rsi2_reversion_5_70,reversao,2024,-0.17,-0.6392,40
rsi2_reversion_5_70,reversao,2025,1.9732,1.3858,40
rsi2_reversion_5_70,reversao,2026,-7.5289,-6.9123,40
rsi2_reversion_5_70_trend100,reversao,2000,3.8262,3.2278,19
rsi2_reversion_5_70_trend100,reversao,2001,0.1335,0.0,19
rsi2_reversion_5_70_trend100,reversao,2002,2.1868,0.0,21
rsi2_reversion_5_70_trend100,reversao,2003,2.6959,3.4139,21
rsi2_reversion_5_70_trend100,reversao,2004,0.2539,0.0,23
rsi2_reversion_5_70_trend100,reversao,2005,0.7143,0.172,24
rsi2_reversion_5_70_trend100,reversao,2006,7.4193,5.8976,26
rsi2_reversion_5_70_trend100,reversao,2007,6.9936,6.1418,30
rsi2_reversion_5_70_trend100,reversao,2008,-0.9229,0.0,33
rsi2_reversion_5_70_trend100,reversao,2009,8.672,5.6422,35
rsi2_reversion_5_70_trend100,reversao,2010,2.3934,1.1258,35
rsi2_reversion_5_70_trend100,reversao,2011,-0.8349,0.0,36
rsi2_reversion_5_70_trend100,reversao,2012,0.5825,1.3975,36
rsi2_reversion_5_70_trend100,reversao,2013,-3.0219,-0.2134,37
rsi2_reversion_5_70_trend100,reversao,2014,-1.334,-2.0667,38
rsi2_reversion_5_70_trend100,reversao,2015,-0.0008,0.0,39
rsi2_reversion_5_70_trend100,reversao,2016,4.587,4.9328,39
rsi2_reversion_5_70_trend100,reversao,2017,4.6211,3.5784,40
rsi2_reversion_5_70_trend100,reversao,2018,3.2668,3.0623,40
rsi2_reversion_5_70_trend100,reversao,2019,4.9969,4.5555,40
rsi2_reversion_5_70_trend100,reversao,2020,1.8754,1.4042,40
rsi2_reversion_5_70_trend100,reversao,2021,-1.8779,-0.8254,40
rsi2_reversion_5_70_trend100,reversao,2022,0.1645,-0.2377,40
rsi2_reversion_5_70_trend100,reversao,2023,1.1739,0.2496,40
rsi2_reversion_5_70_trend100,reversao,2024,-0.811,-0.9404,40
rsi2_reversion_5_70_trend100,reversao,2025,1.0777,0.6899,40
rsi2_reversion_5_70_trend100,reversao,2026,-4.4915,-3.8566,40
rsi2_reversion_5_70_trend200,reversao,2000,0.3082,0.0,19
rsi2_reversion_5_70_trend200,reversao,2001,0.3923,0.0,19
rsi2_reversion_5_70_trend200,reversao,2002,3.0814,0.0,21
rsi2_reversion_5_70_trend200,reversao,2003,3.9464,2.7625,21
rsi2_reversion_5_70_trend200,reversao,2004,0.2731,0.0,23
rsi2_reversion_5_70_trend200,reversao,2005,0.73,0.0,24
rsi2_reversion_5_70_trend200,reversao,2006,9.8384,6.4818,26
rsi2_reversion_5_70_trend200,reversao,2007,10.7912,9.9979,30
rsi2_reversion_5_70_trend200,reversao,2008,0.7232,0.0,33
rsi2_reversion_5_70_trend200,reversao,2009,8.3755,7.7498,35
rsi2_reversion_5_70_trend200,reversao,2010,5.1988,3.4235,35
rsi2_reversion_5_70_trend200,reversao,2011,0.3993,0.0,36
rsi2_reversion_5_70_trend200,reversao,2012,1.9262,2.8808,36
rsi2_reversion_5_70_trend200,reversao,2013,-2.8184,0.0,37
rsi2_reversion_5_70_trend200,reversao,2014,-1.093,-0.5276,38
rsi2_reversion_5_70_trend200,reversao,2015,0.2798,0.0,39
rsi2_reversion_5_70_trend200,reversao,2016,5.7545,4.4374,39
rsi2_reversion_5_70_trend200,reversao,2017,3.4865,1.9039,40
rsi2_reversion_5_70_trend200,reversao,2018,2.1695,2.0123,40
rsi2_reversion_5_70_trend200,reversao,2019,7.0704,5.3279,40
rsi2_reversion_5_70_trend200,reversao,2020,1.0218,1.4086,40
rsi2_reversion_5_70_trend200,reversao,2021,0.2086,0.0,40
rsi2_reversion_5_70_trend200,reversao,2022,1.9816,0.0,40
rsi2_reversion_5_70_trend200,reversao,2023,2.0171,1.5932,40
rsi2_reversion_5_70_trend200,reversao,2024,-0.7784,-0.9049,40
rsi2_reversion_5_70_trend200,reversao,2025,0.3859,0.0,40
rsi2_reversion_5_70_trend200,reversao,2026,-5.3572,-4.122,40
rsi3_reversion_15_70,reversao,2000,13.572,6.3178,19
rsi3_reversion_15_70,reversao,2001,1.6013,0.0,19
rsi3_reversion_15_70,reversao,2002,13.6844,11.0029,21
rsi3_reversion_15_70,reversao,2003,11.3093,4.9827,21
rsi3_reversion_15_70,reversao,2004,8.9495,7.3195,23
rsi3_reversion_15_70,reversao,2005,-0.1453,1.2813,24
rsi3_reversion_15_70,reversao,2006,13.6138,7.8255,26
rsi3_reversion_15_70,reversao,2007,77.9338,15.3701,30
rsi3_reversion_15_70,reversao,2008,3.4257,-1.6823,33
rsi3_reversion_15_70,reversao,2009,18.0685,17.0646,35
rsi3_reversion_15_70,reversao,2010,9.2481,8.3434,35
rsi3_reversion_15_70,reversao,2011,-3.4967,-1.8076,36
rsi3_reversion_15_70,reversao,2012,4.7524,2.1452,36
rsi3_reversion_15_70,reversao,2013,-4.6194,-5.4669,37
rsi3_reversion_15_70,reversao,2014,3.3033,1.0982,38
rsi3_reversion_15_70,reversao,2015,-3.5877,0.379,39
rsi3_reversion_15_70,reversao,2016,2.1035,1.7853,39
rsi3_reversion_15_70,reversao,2017,6.0424,5.8361,40
rsi3_reversion_15_70,reversao,2018,6.1724,7.0331,40
rsi3_reversion_15_70,reversao,2019,12.8159,12.447,40
rsi3_reversion_15_70,reversao,2020,-13.4897,-17.8438,40
rsi3_reversion_15_70,reversao,2021,3.2833,1.3334,40
rsi3_reversion_15_70,reversao,2022,3.3085,3.4453,40
rsi3_reversion_15_70,reversao,2023,7.607,4.565,40
rsi3_reversion_15_70,reversao,2024,-1.2811,0.2367,40
rsi3_reversion_15_70,reversao,2025,2.9297,5.6767,40
rsi3_reversion_15_70,reversao,2026,-6.5493,-5.0326,40
rsi5_reversion_20_65,reversao,2000,16.6629,4.8861,19
rsi5_reversion_20_65,reversao,2001,-2.8483,-9.9346,19
rsi5_reversion_20_65,reversao,2002,6.6842,2.2621,21
rsi5_reversion_20_65,reversao,2003,7.6185,9.558,21
rsi5_reversion_20_65,reversao,2004,4.7982,3.9694,23
rsi5_reversion_20_65,reversao,2005,-0.9111,2.3241,24
rsi5_reversion_20_65,reversao,2006,12.3595,6.3989,26
rsi5_reversion_20_65,reversao,2007,78.9005,14.0733,30
rsi5_reversion_20_65,reversao,2008,-5.3082,-6.3951,33
rsi5_reversion_20_65,reversao,2009,9.7283,5.4003,35
rsi5_reversion_20_65,reversao,2010,6.6787,4.1808,35
rsi5_reversion_20_65,reversao,2011,-3.6658,-3.7307,36
rsi5_reversion_20_65,reversao,2012,2.3124,2.9164,36
rsi5_reversion_20_65,reversao,2013,-5.379,-2.7063,37
rsi5_reversion_20_65,reversao,2014,5.7311,8.2142,38
rsi5_reversion_20_65,reversao,2015,-4.2504,-1.0794,39
rsi5_reversion_20_65,reversao,2016,-2.3097,-1.4723,39
rsi5_reversion_20_65,reversao,2017,2.7816,2.6268,40
rsi5_reversion_20_65,reversao,2018,1.4209,0.3195,40
rsi5_reversion_20_65,reversao,2019,7.6414,8.1805,40
rsi5_reversion_20_65,reversao,2020,-14.6399,-13.3124,40
rsi5_reversion_20_65,reversao,2021,-0.9061,-2.3253,40
rsi5_reversion_20_65,reversao,2022,4.0005,3.8728,40
rsi5_reversion_20_65,reversao,2023,4.7049,4.1428,40
rsi5_reversion_20_65,reversao,2024,-3.7226,-0.3034,40
rsi5_reversion_20_65,reversao,2025,5.5908,3.6447,40
rsi5_reversion_20_65,reversao,2026,-1.1557,-2.7998,40
rsi5_reversion_20_65_trend100,reversao,2000,1.0337,0.0,19
rsi5_reversion_20_65_trend100,reversao,2001,0.3738,0.0,19
rsi5_reversion_20_65_trend100,reversao,2002,3.34,0.0,21
rsi5_reversion_20_65_trend100,reversao,2003,4.3993,8.0767,21
rsi5_reversion_20_65_trend100,reversao,2004,2.7206,0.0,23
rsi5_reversion_20_65_trend100,reversao,2005,0.9845,0.0,24
rsi5_reversion_20_65_trend100,reversao,2006,6.607,4.0027,26
rsi5_reversion_20_65_trend100,reversao,2007,7.783,5.0101,30
rsi5_reversion_20_65_trend100,reversao,2008,-1.119,0.0,33
rsi5_reversion_20_65_trend100,reversao,2009,5.067,1.8999,35
rsi5_reversion_20_65_trend100,reversao,2010,0.8726,2.3893,35
rsi5_reversion_20_65_trend100,reversao,2011,-2.3993,0.0,36
rsi5_reversion_20_65_trend100,reversao,2012,0.931,1.2909,36
rsi5_reversion_20_65_trend100,reversao,2013,-0.0522,0.0,37
rsi5_reversion_20_65_trend100,reversao,2014,0.8536,0.2007,38
rsi5_reversion_20_65_trend100,reversao,2015,-0.656,0.0,39
rsi5_reversion_20_65_trend100,reversao,2016,1.2526,0.1292,39
rsi5_reversion_20_65_trend100,reversao,2017,1.9846,0.0,40
rsi5_reversion_20_65_trend100,reversao,2018,2.0395,0.0,40
rsi5_reversion_20_65_trend100,reversao,2019,1.7926,0.7602,40
rsi5_reversion_20_65_trend100,reversao,2020,-7.2362,-0.6478,40
rsi5_reversion_20_65_trend100,reversao,2021,-1.7439,0.0,40
rsi5_reversion_20_65_trend100,reversao,2022,-1.4528,0.0,40
rsi5_reversion_20_65_trend100,reversao,2023,-0.0037,0.0,40
rsi5_reversion_20_65_trend100,reversao,2024,-1.918,-0.257,40
rsi5_reversion_20_65_trend100,reversao,2025,0.9456,0.0,40
rsi5_reversion_20_65_trend100,reversao,2026,-1.6511,0.0,40
rsi7_reversion_25_65,reversao,2000,18.1775,8.624,19
rsi7_reversion_25_65,reversao,2001,-0.6328,0.0,19
rsi7_reversion_25_65,reversao,2002,13.3316,7.4886,21
rsi7_reversion_25_65,reversao,2003,8.6604,10.437,21
rsi7_reversion_25_65,reversao,2004,4.6128,1.1032,23
rsi7_reversion_25_65,reversao,2005,-1.8133,0.2367,24
rsi7_reversion_25_65,reversao,2006,74.1737,0.0,26
rsi7_reversion_25_65,reversao,2007,79.0565,16.3364,30
rsi7_reversion_25_65,reversao,2008,-11.2882,-13.5126,33
rsi7_reversion_25_65,reversao,2009,9.441,9.3197,35
rsi7_reversion_25_65,reversao,2010,5.7559,3.8263,35
rsi7_reversion_25_65,reversao,2011,-0.2453,0.1375,36
rsi7_reversion_25_65,reversao,2012,2.4497,4.8601,36
rsi7_reversion_25_65,reversao,2013,-7.1043,-5.9086,37
rsi7_reversion_25_65,reversao,2014,3.4135,6.9754,38
rsi7_reversion_25_65,reversao,2015,-5.487,0.4575,39
rsi7_reversion_25_65,reversao,2016,-2.5332,-2.684,39
rsi7_reversion_25_65,reversao,2017,1.4988,1.9011,40
rsi7_reversion_25_65,reversao,2018,0.2817,-0.6845,40
rsi7_reversion_25_65,reversao,2019,7.7436,6.1711,40
rsi7_reversion_25_65,reversao,2020,-14.8111,-18.6776,40
rsi7_reversion_25_65,reversao,2021,0.4426,1.6528,40
rsi7_reversion_25_65,reversao,2022,8.4885,9.3169,40
rsi7_reversion_25_65,reversao,2023,4.9466,6.4685,40
rsi7_reversion_25_65,reversao,2024,-2.8215,-4.0989,40
rsi7_reversion_25_65,reversao,2025,3.3506,2.7857,40
rsi7_reversion_25_65,reversao,2026,3.8209,3.0694,40
sma_cross_100_200,tendencia,2000,-1.9611,0.0,19
sma_cross_100_200,tendencia,2001,6.9553,0.0,19
sma_cross_100_200,tendencia,2002,1.6975,0.0,21
sma_cross_100_200,tendencia,2003,125.8703,78.5231,21
sma_cross_100_200,tendencia,2004,20.1481,5.3766,23
sma_cross_100_200,tendencia,2005,32.1525,0.0,24
sma_cross_100_200,tendencia,2006,112.4286,21.535,26
sma_cross_100_200,tendencia,2007,36.6873,24.1797,30
sma_cross_100_200,tendencia,2008,-20.3619,-17.4182,33
sma_cross_100_200,tendencia,2009,33.7703,33.7069,35
sma_cross_100_200,tendencia,2010,4.2012,-1.5285,35
sma_cross_100_200,tendencia,2011,-3.0829,-4.134,36
sma_cross_100_200,tendencia,2012,11.4377,1.7587,36
sma_cross_100_200,tendencia,2013,-5.4633,-5.7546,37
sma_cross_100_200,tendencia,2014,-7.9207,-7.2041,38
sma_cross_100_200,tendencia,2015,-3.2334,-1.4264,39
sma_cross_100_200,tendencia,2016,34.7154,13.3335,39
sma_cross_100_200,tendencia,2017,31.5283,17.6356,40
sma_cross_100_200,tendencia,2018,5.4439,2.0278,40
sma_cross_100_200,tendencia,2019,37.7989,27.9967,40
sma_cross_100_200,tendencia,2020,-0.9073,-9.7225,40
sma_cross_100_200,tendencia,2021,-10.5333,-11.53,40
sma_cross_100_200,tendencia,2022,-1.349,-1.9338,40
sma_cross_100_200,tendencia,2023,3.2461,-0.6906,40
sma_cross_100_200,tendencia,2024,-9.6007,-10.3214,40
sma_cross_100_200,tendencia,2025,8.4233,4.5297,40
sma_cross_100_200,tendencia,2026,2.4424,0.0569,40
sma_cross_10_50,tendencia,2000,12.5038,5.4918,19
sma_cross_10_50,tendencia,2001,4.1832,0.0,19
sma_cross_10_50,tendencia,2002,7.7016,1.9389,21
sma_cross_10_50,tendencia,2003,111.161,42.6805,21
sma_cross_10_50,tendencia,2004,17.6613,11.1304,23
sma_cross_10_50,tendencia,2005,41.8811,31.5079,24
sma_cross_10_50,tendencia,2006,34.2095,26.5101,26
sma_cross_10_50,tendencia,2007,20.6779,11.7191,30
sma_cross_10_50,tendencia,2008,-12.0153,-11.763,33
sma_cross_10_50,tendencia,2009,54.4249,49.7852,35
sma_cross_10_50,tendencia,2010,4.0113,4.3141,35
sma_cross_10_50,tendencia,2011,-11.5129,-14.4743,36
sma_cross_10_50,tendencia,2012,17.8348,13.6685,36
sma_cross_10_50,tendencia,2013,-0.8657,-6.347,37
sma_cross_10_50,tendencia,2014,-4.7579,-3.68,38
sma_cross_10_50,tendencia,2015,-3.0575,-3.5682,39
sma_cross_10_50,tendencia,2016,46.8253,29.9332,39
sma_cross_10_50,tendencia,2017,28.2344,12.852,40
sma_cross_10_50,tendencia,2018,17.3676,15.4228,40
sma_cross_10_50,tendencia,2019,30.0883,19.3711,40
sma_cross_10_50,tendencia,2020,35.901,25.8401,40
sma_cross_10_50,tendencia,2021,-8.659,-11.0232,40
sma_cross_10_50,tendencia,2022,-8.3335,-12.2131,40
sma_cross_10_50,tendencia,2023,11.8413,10.6229,40
sma_cross_10_50,tendencia,2024,-12.3296,-11.9928,40
sma_cross_10_50,tendencia,2025,13.0067,14.9363,40
sma_cross_10_50,tendencia,2026,-1.4319,-4.8465,40
sma_cross_20_100,tendencia,2000,27.3521,-1.8662,19
sma_cross_20_100,tendencia,2001,-1.8813,-2.45,19
sma_cross_20_100,tendencia,2002,7.3668,0.0,21
sma_cross_20_100,tendencia,2003,118.1558,54.2651,21
sma_cross_20_100,tendencia,2004,19.6065,15.0438,23
sma_cross_20_100,tendencia,2005,37.8367,10.7684,24
sma_cross_20_100,tendencia,2006,48.8646,24.2641,26
sma_cross_20_100,tendencia,2007,30.2628,18.98,30
sma_cross_20_100,tendencia,2008,-12.2019,-10.8309,33
sma_cross_20_100,tendencia,2009,54.5038,37.0339,35
sma_cross_20_100,tendencia,2010,3.1631,0.0,35
sma_cross_20_100,tendencia,2011,-3.3689,-5.1068,36
sma_cross_20_100,tendencia,2012,14.2232,10.5303,36
sma_cross_20_100,tendencia,2013,-6.8011,-10.4407,37
sma_cross_20_100,tendencia,2014,-1.3128,-1.9617,38
sma_cross_20_100,tendencia,2015,-2.7622,-7.3732,39
sma_cross_20_100,tendencia,2016,41.3361,11.9905,39
sma_cross_20_100,tendencia,2017,21.3851,3.2372,40
sma_cross_20_100,tendencia,2018,12.2961,10.9682,40
sma_cross_20_100,tendencia,2019,35.9118,14.9382,40
sma_cross_20_100,tendencia,2020,-3.6486,-14.6174,40
sma_cross_20_100,tendencia,2021,-9.4061,-13.3603,40
sma_cross_20_100,tendencia,2022,-11.885,-14.3381,40
sma_cross_20_100,tendencia,2023,10.3626,7.2818,40
sma_cross_20_100,tendencia,2024,-12.2961,-13.1827,40
sma_cross_20_100,tendencia,2025,14.9602,14.4835,40
sma_cross_20_100,tendencia,2026,-1.0929,-0.3895,40
sma_cross_50_100,tendencia,2000,23.8753,-10.3206,19
sma_cross_50_100,tendencia,2001,-9.2458,-15.7353,19
sma_cross_50_100,tendencia,2002,7.5846,0.6872,21
sma_cross_50_100,tendencia,2003,119.4169,66.2531,21
sma_cross_50_100,tendencia,2004,18.0663,9.7133,23
sma_cross_50_100,tendencia,2005,37.4601,7.1252,24
sma_cross_50_100,tendencia,2006,53.3132,22.4068,26
sma_cross_50_100,tendencia,2007,29.2013,19.2746,30
sma_cross_50_100,tendencia,2008,-12.9762,-13.9151,33
sma_cross_50_100,tendencia,2009,53.0667,36.7145,35
sma_cross_50_100,tendencia,2010,4.8626,-0.7729,35
sma_cross_50_100,tendencia,2011,-2.3371,-2.3095,36
sma_cross_50_100,tendencia,2012,9.9562,5.8472,36
sma_cross_50_100,tendencia,2013,-4.5748,-5.4201,37
sma_cross_50_100,tendencia,2014,-4.8857,-5.8835,38
sma_cross_50_100,tendencia,2015,-6.0284,-6.8637,39
sma_cross_50_100,tendencia,2016,27.7673,9.4761,39
sma_cross_50_100,tendencia,2017,17.6613,-0.4602,40
sma_cross_50_100,tendencia,2018,9.1513,7.3605,40
sma_cross_50_100,tendencia,2019,34.2709,16.3813,40
sma_cross_50_100,tendencia,2020,-15.06,-22.6667,40
sma_cross_50_100,tendencia,2021,-8.743,-9.5527,40
sma_cross_50_100,tendencia,2022,-7.6099,-12.4175,40
sma_cross_50_100,tendencia,2023,3.6507,-1.6868,40
sma_cross_50_100,tendencia,2024,-11.5594,-14.0607,40
sma_cross_50_100,tendencia,2025,15.2563,15.2196,40
sma_cross_50_100,tendencia,2026,3.0968,2.0292,40
sma_cross_5_20,tendencia,2000,-4.524,-11.5441,19
sma_cross_5_20,tendencia,2001,4.0119,0.4159,19
sma_cross_5_20,tendencia,2002,-0.999,0.0,21
sma_cross_5_20,tendencia,2003,147.2405,51.7972,21
sma_cross_5_20,tendencia,2004,14.2937,11.319,23
sma_cross_5_20,tendencia,2005,46.0413,12.2064,24
sma_cross_5_20,tendencia,2006,29.0513,11.9058,26
sma_cross_5_20,tendencia,2007,21.1896,3.2153,30
sma_cross_5_20,tendencia,2008,-16.2093,-18.2301,33
sma_cross_5_20,tendencia,2009,44.2977,25.1191,35
sma_cross_5_20,tendencia,2010,-1.4698,-3.45,35
sma_cross_5_20,tendencia,2011,-6.7241,-13.0696,36
sma_cross_5_20,tendencia,2012,14.6684,8.6408,36
sma_cross_5_20,tendencia,2013,2.7897,1.7981,37
sma_cross_5_20,tendencia,2014,-7.9241,-11.0024,38
sma_cross_5_20,tendencia,2015,-7.3499,-8.8333,39
sma_cross_5_20,tendencia,2016,59.5043,26.1747,39
sma_cross_5_20,tendencia,2017,26.9483,16.3962,40
sma_cross_5_20,tendencia,2018,23.4488,19.3896,40
sma_cross_5_20,tendencia,2019,25.212,18.6564,40
sma_cross_5_20,tendencia,2020,29.7122,16.3472,40
sma_cross_5_20,tendencia,2021,-7.6632,-13.2617,40
sma_cross_5_20,tendencia,2022,-0.983,0.4472,40
sma_cross_5_20,tendencia,2023,10.2358,5.8403,40
sma_cross_5_20,tendencia,2024,-10.0926,-10.2893,40
sma_cross_5_20,tendencia,2025,15.4591,11.3385,40
sma_cross_5_20,tendencia,2026,8.5426,5.551,40
